data,Fovea_X,Fovea_Y
65,1274.024612,1096.037118
66,1479.595542,1046.903374xQAA
67,1260.759517,1093.256255
68,1492.546314,1053.263194
69,1452.707424,1056.446795
70,1268.000154,1097.338709
71,1715.060309,1057.07761
72,1413.68726,1014.338044
73,1248.554138,1084.187285
74,1487.20534,1016.022353
75,1688.476642,1063.224837
76,1494.938977,1017.492746
77,1299.490121,934.244593
78,1665.401957,1101.48267
79,1270.251821,1134.462757
80,1457.479958,1033.677183
